http://www.nasa.gov/	@NASA
http://www.nasa.gov	@NASA
http://www.jpl.nasa.gov/	@NASAJPL
http://www.gsfc.nasa.gov/	@NASAGoddard
http://www.spitzer.caltech.edu/	@nasaspitzer
http://www.nasa.gov/mission_pages/spitzer/main/index.html	@nasaspitzer
http://www.nustar.caltech.edu/	@NASANuSTAR
http://dawn.igpp.ucla.edu/	@NASA_Dawn
http://hirise.lpl.arizona.edu/	@HiRISE
http://marsrovers.jpl.nasa.gov/home/index.html	@MarsRovers
http://lunar.gsfc.nasa.gov/	@LRO_NASA
http://lroc.sese.asu.edu/index.html	@LRO_NASA
http://chandra.harvard.edu/	@chandraxray
http://www.esa.int/	@esa
http://herschel.esac.esa.int/	@ESAHerschel
http://rosetta.esa.int/	@ESA_Rosetta
http://www.nsf.gov/	@NSF
https://www.spacetelescope.org/	@hubble_space
http://www.spacetelescope.org/	@hubble_space
http://heritage.stsci.edu/	@HubbleHeritage
http://heritage.stsci.edu/commonpages/infoindex/ourproject/moreproject.html	@HubbleHeritage
http://www.stsci.edu/	@stsci
http://www.stsci.edu/public.html	@stsci
http://www.stsci.edu/portal/	@stsci
http://hla.stsci.edu/hla_welcome.html	@stsci
http://www.aura-astronomy.org/	@AURADC
http://www.jhuapl.edu/	@jhuapl
http://physics-astronomy.jhu.edu/	@JHUPhysicsAstro
http://www.pha.jhu.edu/	@JHUPhysicsAstro
http://www.roe.ac.uk/atc/	@ukatc
http://www.jb.man.ac.uk/	@jodrellbank
http://www.nesdis.noaa.gov/DSCOVR/	@NOAASatellites
http://www.as.arizona.edu/	@azstewobs
http://www.naoj.org/Introduction/index.html	@SubaruTel_Eng
https://icecube.wisc.edu/collaboration	@uw_icecube
http://www.swri.edu/	@swri
https://sese.asu.edu/	@SeseASU
https://star.pst.qub.ac.uk/wiki/	@astroqub
http://planetary.org/	@exploreplanets
http://sail.planetary.org/	@exploreplanets
http://www.lpl.arizona.edu/	@UALPL
http://www.ifa.hawaii.edu/	@uhifa
